file,has_car,score,ymin,xmin,ymax,xmax
000001_0.jpg,True,0.2907249927520752,0.6504139304161072,0.08433248847723007,0.7938070893287659,0.28084373474121094
000001_1.jpg,True,0.2550789415836334,0.6747732162475586,0.34666597843170166,0.73822021484375,0.4320758581161499
000001_2.jpg,False,0.0,0.0,0.0,0.0,0.0
000001_3.jpg,False,0.0,0.0,0.0,0.0,0.0
000001_4.jpg,True,0.2537974715232849,0.6254442930221558,0.3248300850391388,0.6810996532440186,0.3797890245914459
